RK,PLAYER,AGE,EVENTS,ROUNDS,CUTS MADE,TOP 10,WINS,CUP POINTS,EARNINGS,YDS/DRIVE,DRIVING ACC.,DRVE TOTAL,GREENS IN REG.,PUTT AVG.,SAVE PCT.,EAGLES,BIRDIES,PARS,BOGEYS,BIRDIES/RD,HOLES/EAGLE,BALL_SPEED_ROUNDS,BALL_SPEED_AVG,TOTAL BALL SPEED,BALL_SPEED_TOTAL ATTEMPTS,BALL_SPEED_FASTEST SPEED,BALL_SPEED_SLOWEST SPEED,DRIVING_DISTANCE_ROUNDS,DRIVING_DISTANCE_AVG,TOTAL DISTANCE,TOTAL DRIVES,SPIN_RATE_ROUNDS,SPIN_RATE_AVG,TOTAL SPIN SPEED,SPIN_RATE_TOTAL ATTEMPTS,HIGHEST SPIN RATE,LOWEST SPIN RATE,CLUB_HEAD_SPEED_ROUNDS,CLUB_HEAD_SPEED_AVG,TOTAL CLUB HEAD SPEED,CLUB_HEAD_SPEED_TOTAL ATTEMPTS,CLUB_HEAD_SPEED_FASTEST SPEED,CLUB_HEAD_SPEED_SLOWEST SPEED,CARRY_DISTANCE_ROUNDS,CARRY_DISTANCE_AVG,TOTAL DIST. TO IMPACT,CARRY_DISTANCE_TOTAL ATTEMPTS,LONGEST CARRY DISTANCE,SHORTEST CARRY DISTANCE,LAUNCH_ANGLE_ROUNDS,LAUNCH_ANGLE_AVG,TOTAL VERT. LAUNCH ANGLE,LAUNCH_ANGLE_TOTAL ATTEMPTS,LOWEST LAUNCH ANGLE,STEEPEST LAUNCH ANGLE,PUTTING FROM INSIDE INSIDE 5'_ROUNDS,PUTTING FROM INSIDE INSIDE 5'_%,PUTTING FROM INSIDE INSIDE 5'_ATTEMPTS,PUTTING FROM INSIDE INSIDE 5'_PUTTS_MADE,PUTTING FROM 5-10'_ROUNDS,PUTTING FROM 5-10'_%,PUTTING FROM 5-10'_ATTEMPTS,PUTTING FROM 5-10'_PUTTS_MADE,PUTTING FROM - 10-15'_ROUNDS,PUTTING FROM - 10-15'_% MADE,PUTTING FROM - 10-15'_ATTEMPTS,PUTTING FROM - 10-15'_PUTTS_MADE,PUTTING FROM - 15-20'_ROUNDS,PUTTING FROM - 15-20'_% MADE,PUTTING FROM - 15-20'_ATTEMPTS,PUTTING FROM - 15-20'_PUTTS_MADE,PUTTING FROM - 20-25'_ROUNDS,PUTTING FROM - 20-25'_% MADE,PUTTING FROM - 20-25'_ATTEMPTS,PUTTING FROM - 20-25'_PUTTS_MADE
1,Justin Thomas,28,18,66,15,10,3,2570,7344040.0,304.2,57.3,35,69.6,1.722,62.5,6,300,726,144,4.545,198,66,175.10,30292.28,173,179.24,170.96,66,304.2,35286,116,66,2279.1,337312,148,3307,1511,66,116.23,19526.94,168,120.01,485895104,66,288.8,49959.7,173,347.7,52.2,66,10.21,1765.47,173,3.92,15.54,66,97.60,834,814,66,52.89,225,119,66,28.33,180,51,66,21.67,120,26,66,7.95,88,7
2,Jon Rahm,26,15,58,14,8,2,3080,5959819.0,307.6,63.1,22,70.3,1.717,58.8,9,245,667,108,4.224,116,58,175.89,37816.19,215,183.80,167.39,58,307.6,35682,116,58,2426.4,502260,207,3379,1659,58,118.33,24731.39,209,123.38,510896101,58,297.1,63875.6,215,350.0,53.4,58,11.46,2463.78,215,6.96,17.70,58,98.51,806,794,58,59.52,210,125,58,29.68,155,46,58,21.05,95,20,58,11.90,84,10
3,Dustin Johnson,37,14,49,11,7,3,3471,5837267.0,311.0,59.1,10,69.3,1.704,54.2,14,213,529,110,4.347,63,49,178.74,27347.38,153,186.02,171.38,49,311.0,30477,98,49,2330.3,333235,143,3627,1571,49,119.56,17695.42,148,125.38,485895410,49,301.9,46195.9,153,390.6,50.5,49,10.80,1652.13,153,4.78,17.54,49,97.08,650,631,49,52.86,210,111,49,31.20,125,39,49,25.53,94,24,49,18.87,53,10
4,Collin Morikawa,24,21,80,19,7,2,2025,5250868.0,297.3,65.5,98,69.0,1.749,54.0,16,324,882,198,4.050,90,80,168.10,41858.08,249,173.52,158.96,80,297.3,42816,144,80,2303.3,550482,239,3204,1511,80,113.56,27709.77,244,117.74,485895306,80,283.1,70503.3,249,321.1,243.1,80,11.97,2980.47,249,6.77,15.26,80,96.53,1010,975,80,58.72,298,175,80,34.76,187,65,80,10.90,156,17,80,9.09,110,10
5,Webb Simpson,35,14,52,12,8,2,2163,5097742.0,296.2,67.3,107,70.8,1.691,56.3,5,243,583,93,4.673,187,52,167.49,65488.22,391,174.85,152.13,52,296.2,30800,104,52,2661.0,1003195,377,3991,1947,52,111.12,20223.51,182,114.95,483513316,52,280.9,109829.7,391,324.8,41.7,52,11.82,4619.88,391,5.21,17.30,52,96.70,696,673,52,59.36,219,130,52,37.78,135,51,52,26.53,98,26,52,16.67,78,13
6,Bryson DeChambeau,27,17,62,14,9,1,1682,4998495.0,322.1,57.4,1,68.5,1.726,62.9,7,274,690,132,4.419,159,62,184.73,66317.29,359,197.59,165.15,62,322.1,39945,124,62,2455.4,709604,289,3903,1500,62,125.00,23500.62,188,137.14,415876114,62,314.1,112767.6,359,400.1,50.6,62,12.32,4422.86,359,6.07,17.46,62,97.75,845,826,62,67.66,235,159,62,32.18,202,65,62,19.47,113,22,62,11.36,88,10
7,Daniel Berger,28,17,64,15,7,1,2007,4439420.0,300.2,63.9,71,66.9,1.728,59.8,5,280,715,139,4.375,230,64,173.78,77333.40,445,180.78,161.61,64,300.2,36025,120,64,2595.2,1043270,402,3881,1543,64,115.68,24640.16,213,120.89,465023115,64,276.4,123016.2,445,326.1,210.4,64,8.81,3921.52,445,-.29,14.40,64,97.50,760,741,64,64.26,235,151,64,40.67,150,61,64,18.18,110,20,64,12.12,66,8
8,Rory McIlroy,32,15,60,15,7,1,1516,4408415.0,314.0,56.3,4,67.8,1.738,45.2,13,252,657,145,4.200,83,60,178.24,37074.23,208,184.60,168.28,60,314.0,32660,104,60,2232.5,437566,196,3393,1616,60,118.88,22469.15,189,122.60,220240406,60,303.3,63080.8,208,366.2,249.6,60,12.65,2631.96,208,4.50,18.51,60,96.46,734,708,60,56.74,215,122,60,26.87,134,36,60,22.83,92,21,60,18.57,70,13
9,Sungjae Im,23,26,94,21,7,1,1650,4337811.0,300.5,64.5,69,67.1,1.734,58.8,6,390,1052,221,4.149,282,94,171.72,112474.81,655,180.03,149.90,94,300.5,49276,164,94,2785.0,1679355,603,3989,1504,94,115.51,35693.53,309,127.46,520688218,94,283.6,185783.9,655,340.6,58.8,94,9.33,6114.17,655,4.05,15.67,94,96.74,1135,1098,94,58.19,299,174,94,33.01,206,68,94,19.61,153,30,94,13.91,115,16
10,Patrick Reed,30,20,74,17,8,1,1485,4250060.0,296.0,56.1,110,65.3,1.700,60.6,8,313,821,168,4.230,167,74,173.63,42191.70,243,178.84,161.57,74,296.0,39073,132,74,2813.9,621875,221,3990,1508,74,117.24,27785.73,237,121.05,510896417,74,275.3,66893.8,243,318.3,48.9,74,7.78,1889.88,243,1.69,15.99,74,97.23,901,876,74,60.70,257,156,74,36.46,181,66,74,20.63,126,26,74,13.33,90,12
11,Xander Schauffele,27,18,70,17,7,0,1449,3813636.0,305.4,60.3,31,70.9,1.737,56.4,5,297,807,135,4.243,252,70,175.73,40769.96,232,180.80,163.17,70,305.4,37868,124,70,2484.4,531665,214,3414,1575,70,117.54,26681.56,227,120.87,520688318,70,288.4,66901.3,232,348.8,227.4,70,9.08,2107.49,232,4.48,14.05,70,97.99,844,827,70,63.64,253,161,70,30.17,179,54,70,20.97,124,26,70,17.65,85,15
12,Hideki Matsuyama,29,20,74,17,5,0,1587,3665825.0,304.4,57.0,34,68.5,1.755,55.0,12,299,836,168,4.041,111,74,172.99,42381.44,245,178.98,161.30,74,304.4,37744,124,74,2412.4,499366,207,3980,1522,74,115.63,27751.11,240,119.42,180510108,74,288.6,70697.1,245,350.9,238.9,74,10.57,2589.21,245,2.91,17.03,74,96.49,884,853,74,52.14,257,134,74,26.32,171,45,74,16.67,108,18,74,14.13,92,13
13,Tyrrell Hatton,29,11,42,10,6,1,1275,3434867.0,301.6,61.7,57,69.3,1.704,43.2,2,191,459,97,4.548,378,42,171.03,25825.95,151,175.62,162.79,42,301.6,20510,68,42,2439.1,334157,137,3659,1520,42,114.68,16628.55,145,119.56,520688101,42,284.4,42944.6,151,329.5,47.5,42,11.53,1741.08,151,6.63,15.12,42,97.67,472,461,42,59.56,136,81,42,31.58,95,30,42,20.00,65,13,42,15.79,57,9
14,Brendon Todd,36,25,86,18,4,2,1576,3390258.0,282.7,71.4,187,65.5,1.736,61.6,5,336,990,202,3.907,310,86,158.96,77093.84,485,164.64,150.81,86,282.7,48619,172,86,2330.6,1060412,455,3629,1540,86,107.29,30577.24,285,111.19,050729104,86,260.6,126381.2,485,302.5,9.4,86,11.59,5622.02,485,6.11,17.21,86,96.72,1036,1002,86,59.25,319,189,86,31.34,201,63,86,24.63,134,33,86,16.38,116,19
15,Harris English,32,20,76,18,6,0,1805,3299366.0,300.9,61.7,66,70.9,1.749,51.3,6,306,894,150,4.026,228,76,174.30,45143.48,259,179.58,168.23,76,300.9,45732,152,76,2794.5,681852,244,3678,1954,76,115.61,29480.70,255,118.92,050729417,76,285.4,73631.9,258,319.8,251.4,76,8.90,2306.24,259,5.23,12.25,76,97.44,938,914,76,62.67,292,183,76,31.07,177,55,76,21.85,119,26,76,6.94,72,5
16,Lanto Griffin,33,27,92,21,4,1,1392,3188586.0,302.5,57.2,42,65.5,1.753,54.5,9,356,1040,229,3.870,184,96,178.69,57538.23,322,185.69,160.93,96,302.5,55656,184,96,2653.8,777551,293,3828,1610,96,119.40,24118.81,202,125.08,415876417,96,284.0,91455.4,322,352.9,5.9,96,7.51,2417.60,322,-.03,15.06,96,96.51,1119,1080,96,60.18,329,198,96,35.19,216,76,96,19.59,148,29,96,12.50,104,13
17,Marc Leishman,37,18,61,13,3,1,1096,3109752.0,295.8,51.9,112,61.5,1.770,42.1,5,207,672,193,3.393,220,61,172.85,25409.19,147,177.82,160.38,61,295.8,31359,106,61,2451.8,343245,140,3285,1510,61,115.22,16360.77,142,120.42,520688104,61,274.9,40403.4,147,336.0,19.2,61,9.65,1419.00,147,3.96,16.02,61,96.14,751,722,61,47.84,232,111,61,35.00,120,42,61,20.79,101,21,61,11.90,84,10
18,Tony Finau,31,20,72,16,7,0,1237,2932286.0,309.8,51.8,13,68.8,1.730,47.7,8,302,801,163,4.194,162,72,180.63,39378.32,218,190.74,172.71,72,309.8,39655,128,72,2648.4,513787,194,3908,1573,72,122.05,26119.13,214,128.73,485895209,72,294.4,64183.9,218,350.3,168.8,72,9.64,2100.51,218,4.14,14.75,72,96.85,858,831,72,56.93,202,115,72,30.14,146,44,72,16.03,131,21,72,18.18,88,16
19,Joaquin Niemann,22,23,76,15,4,1,1366,2914136.0,301.7,56.5,54,69.3,1.767,51.4,6,298,848,196,3.921,228,76,176.78,36417.05,206,181.73,171.04,76,301.7,41034,136,76,2356.3,428850,182,3632,1519,76,118.27,23654.44,200,123.64,510896318,76,279.9,57661.9,206,334.8,13.5,76,8.24,1697.83,206,-1.94,14.67,76,96.60,940,908,76,56.18,267,150,76,27.72,202,56,76,18.12,138,25,76,11.11,90,10
20,Abraham Ancer,30,20,74,17,4,0,1159,2903306.0,297.5,64.4,94,67.0,1.743,49.2,6,281,866,163,3.797,222,74,167.78,79357.63,473,177.23,159.07,74,297.5,36896,124,74,2578.9,1116668,433,3973,1535,74,111.72,25249.37,226,114.95,240009104,74,272.3,128803.8,473,363.5,1.5,74,10.06,4757.68,473,-1.27,16.71,74,97.59,790,771,74,64.25,221,142,74,34.13,126,43,74,11.86,118,14,74,12.15,107,13
21,Sebastián Muñoz,28,26,84,16,5,1,1421,2864142.0,302.3,60.4,43,66.3,1.748,50.0,8,340,943,190,4.048,189,84,175.37,66116.23,377,184.55,168.62,84,302.3,50793,168,84,2673.1,890145,333,3843,1534,84,118.97,31170.52,262,122.72,485895110,84,285.5,107637.0,377,341.3,35.9,84,9.27,3494.38,377,4.33,13.66,84,96.84,1076,1042,84,60.11,361,217,84,29.74,232,69,84,16.67,126,21,84,12.26,106,13
22,Scottie Scheffler,25,23,82,18,7,0,1391,2833438.0,308.9,61.2,16,69.0,1.737,49.0,11,357,893,194,4.354,134,82,173.63,46533.69,268,181.20,167.42,82,308.9,50667,164,82,2624.7,656164,250,3805,1715,82,116.54,30533.57,262,121.17,520688418,82,285.8,76588.2,268,335.0,47.4,82,10.96,2937.77,268,4.27,16.75,82,95.75,1011,968,82,51.61,279,144,82,33.14,172,57,82,24.14,145,35,82,13.59,103,14
23,Kevin Na,37,21,71,15,4,1,1102,2794402.0,286.9,62.7,170,63.2,1.733,55.6,4,270,819,165,3.803,320,71,166.27,61019.98,367,174.38,156.28,71,286.9,36151,126,71,2774.4,923869,333,3938,1502,71,113.41,25857.38,228,128.40,485895212,71,271.3,99563.5,367,321.0,50.8,71,9.79,3592.68,367,3.95,16.03,71,96.97,792,768,71,64.31,269,173,71,39.07,151,59,71,18.10,105,19,71,13.95,86,12
24,Ryan Palmer,44,19,68,15,5,0,1116,2724926.0,299.3,60.1,80,65.9,1.742,50.0,7,271,750,179,3.985,175,68,171.42,37712.28,220,175.74,166.14,68,299.3,35910,120,68,2464.5,468264,190,3821,1690,68,114.54,24282.77,212,120.32,230734418,68,284.7,62639.4,220,327.0,232.6,68,11.11,2444.21,220,1.46,18.04,68,96.58,848,819,68,51.66,271,140,68,30.92,152,47,68,20.00,95,19,68,10.34,87,9
25,Kevin Streelman,42,23,73,13,4,0,944,2520845.0,293.9,65.9,129,67.7,1.763,52.9,8,279,808,195,3.822,164,73,168.16,78697.16,468,173.09,143.02,73,293.9,38213,130,73,2658.5,1097951,413,3800,1515,73,112.85,25391.55,225,120.63,230734314,73,279.0,130298.6,467,321.0,228.1,73,11.18,5233.15,468,6.89,16.34,73,96.02,829,796,73,58.41,226,132,73,31.16,138,43,73,22.81,114,26,73,8.82,102,9
26,Billy Horschel,34,22,79,17,6,0,953,2383908.0,299.3,62.8,79,66.2,1.738,50.0,7,310,876,209,3.924,203,79,170.51,40751.33,239,175.15,165.12,79,299.3,40107,134,79,2493.7,558585,224,3560,1773,79,113.67,26370.67,232,117.26,510896317,79,280.5,67035.7,239,339.6,33.2,79,11.82,2824.22,239,6.30,17.44,79,97.94,824,807,79,57.98,238,138,79,32.26,155,50,79,15.38,104,16,79,17.24,87,15
27,Cameron Smith,27,19,64,13,2,1,1059,2372487.0,299.8,54.5,73,64.1,1.736,57.5,8,247,703,170,3.859,144,64,169.25,70576.51,417,185.48,149.50,64,299.8,33578,112,64,2251.3,846490,376,3675,1523,64,112.31,20327.28,181,115.45,510896417,64,282.1,117634.9,417,334.3,218.3,64,11.36,4736.88,417,6.65,17.08,64,97.80,774,757,64,57.26,234,134,64,32.64,144,47,64,14.81,108,16,64,18.18,77,14
28,Cameron Champ,26,20,70,15,2,1,963,2290839.0,322.0,56.4,2,67.7,1.775,48.2,7,283,760,189,4.043,180,70,189.18,39349.92,208,195.05,182.02,70,322.0,45082,140,70,2772.7,438081,158,3884,1614,70,127.00,25781.78,203,132.00,050729317,70,300.8,62258.6,207,369.1,2.4,70,5.98,1243.42,208,-1.56,10.61,70,95.83,887,850,70,54.55,242,132,70,35.67,171,61,70,14.05,121,17,70,12.00,75,9
29,Byeong Hun An,29,22,75,15,5,0,943,2283951.0,305.7,54.3,29,65.8,1.756,50.7,7,287,839,194,3.827,193,75,171.35,88075.55,514,178.31,161.83,75,305.7,38518,126,75,2438.4,1092392,448,3790,1631,75,113.68,25464.95,224,120.84,180510213,75,286.9,147453.2,514,347.9,20.7,75,12.08,6206.95,514,4.61,18.06,75,95.14,885,842,75,54.85,237,130,75,33.14,172,57,75,14.52,124,18,75,8.05,87,7
30,Adam Scott,41,10,38,9,1,1,832,2272434.0,308.1,55.5,19,68.1,1.740,55.1,7,144,437,86,3.789,98,38,177.63,21137.73,119,188.74,169.50,38,308.1,18483,60,38,2719.1,290941,107,3645,1548,38,118.23,13478.15,114,122.28,030552118,38,288.1,34280.1,119,358.2,56.1,38,9.36,1114.05,119,4.53,12.85,38,96.96,428,415,38,61.11,108,66,38,27.27,88,24,38,15.15,66,10,38,19.57,46,9
31,Kevin Kisner,37,21,73,15,4,0,1169,2266752.0,289.2,65.2,161,65.4,1.743,50.9,4,277,844,173,3.795,329,73,165.94,72016.10,434,172.57,155.91,73,289.2,37600,130,73,2677.1,1102949,412,3903,1646,73,111.96,23399.25,209,117.02,405012205,73,273.4,118670.0,434,327.4,229.3,73,10.11,4388.81,434,4.48,15.96,73,97.67,772,754,73,61.97,213,132,73,36.59,164,60,73,17.86,112,20,73,13.58,81,11
32,Matthew Wolff,22,21,74,16,2,0,921,2224348.0,311.6,59.0,9,66.8,1.772,43.5,6,286,824,191,3.865,222,74,180.92,40887.73,226,186.51,174.40,74,311.6,41135,132,74,2387.2,529958,222,3247,1698,74,121.32,26811.72,221,127.30,240009212,74,303.8,68664.7,226,344.9,35.5,74,10.30,2328.29,226,4.50,15.13,74,97.14,909,883,74,58.63,249,146,74,30.68,176,54,74,17.70,113,20,74,11.90,84,10
33,Gary Woodland,37,17,62,14,6,0,801,2195131.0,305.4,60.0,30,68.2,1.753,47.6,6,252,698,139,4.065,186,62,180.69,27645.93,153,187.17,173.58,62,305.4,32983,108,62,2645.6,357154,135,3960,1653,62,121.59,18116.81,149,127.45,500700109,62,293.4,44882.7,153,337.4,249.5,62,9.23,1412.72,153,3.94,13.36,62,97.41,734,715,62,56.39,227,128,62,32.89,152,50,62,25.45,110,28,62,8.45,71,6
34,Adam Long,33,25,88,18,3,0,950,2186913.0,292.0,62.5,142,67.7,1.756,45.2,12,333,999,218,3.784,132,88,166.02,42998.10,259,171.92,158.14,88,292.0,46713,160,88,2478.2,607148,245,3912,1534,88,110.52,28071.59,254,114.23,470883418,88,279.6,72427.9,259,316.9,239.9,88,13.90,3599.32,259,8.97,18.24,88,97.32,1006,979,88,58.78,279,164,88,32.14,196,63,88,18.18,121,22,88,9.62,104,10
35,Joel Dahmen,33,22,79,18,5,0,843,2120973.0,295.4,64.6,115,63.9,1.747,50.7,10,291,892,208,3.684,142,79,167.57,91493.83,546,173.33,151.25,79,295.4,41944,142,79,2612.2,1274760,488,3949,1544,79,111.79,24929.19,223,117.37,485895306,79,274.7,150005.0,546,328.9,222.5,79,10.69,5838.56,546,3.42,15.83,79,96.90,902,874,79,52.43,267,140,79,30.73,179,55,79,13.89,108,15,79,22.50,80,18
36,Patrick Cantlay,29,12,46,11,3,0,922,2118336.0,303.1,59.4,40,68.4,1.723,55.4,7,191,508,112,4.152,118,46,174.44,61576.91,353,178.94,165.65,46,303.1,27884,92,46,2416.8,797557,330,3249,1570,46,115.79,16210.12,140,120.03,500700114,46,288.4,101525.3,352,327.5,209.8,46,10.34,3650.75,353,3.93,14.68,46,97.25,618,601,46,57.37,190,109,46,31.48,108,34,46,23.08,78,18,46,12.68,71,9
37,Matt Fitzpatrick,26,15,54,12,5,0,887,2109709.0,294.7,64.6,121,66.0,1.734,47.2,7,198,617,134,3.667,139,54,168.40,70222.12,417,177.99,153.88,54,294.7,27114,92,54,2609.4,1004602,385,3785,1595,54,112.43,17988.75,160,118.30,483513316,54,273.1,113899.4,417,343.8,52.4,54,9.24,3851.25,417,-3.82,19.18,54,97.80,592,579,54,64.97,177,115,54,33.33,132,44,54,20.69,87,18,54,17.74,62,11
39,Mackenzie Hughes,30,22,70,12,4,0,980,2079951.0,298.7,55.8,83,63.4,1.735,54.4,5,260,797,172,3.714,252,70,171.65,43427.18,253,177.83,165.68,70,298.7,41821,140,70,2656.2,632165,238,3979,1767,70,115.14,28554.16,248,120.62,520688304,70,285.3,72192.3,253,333.2,247.4,70,11.29,2857.15,253,7.24,15.25,70,97.41,851,829,70,63.64,231,147,70,37.04,162,60,70,17.74,124,22,70,15.48,84,13
40,Danny Lee,30,22,69,13,3,0,777,2043764.0,302.0,57.1,48,65.6,1.750,53.1,6,280,743,188,4.058,207,69,170.50,36486.72,214,176.65,161.01,69,302.0,36840,122,69,2363.1,465537,197,3793,1550,69,114.40,23909.51,209,119.89,040538103,69,287.2,61456.8,214,325.4,239.1,69,13.29,2843.24,214,3.19,18.49,69,95.85,772,740,69,54.89,266,146,69,35.71,140,50,69,20.35,113,23,69,12.33,73,9
41,Viktor Hovland,23,20,74,17,3,1,1009,1982275.0,299.3,63.2,77,68.5,1.726,45.5,14,294,820,179,3.973,95,74,168.99,98687.70,584,176.06,159.69,74,299.3,39512,132,74,2488.9,1406214,565,3982,1502,74,113.14,27154.70,240,118.98,510896202,74,283.7,165705.2,584,333.1,230.6,74,12.01,7015.74,584,7.18,16.27,74,97.03,809,785,74,58.96,251,148,74,30.82,159,49,74,17.74,124,22,74,14.66,116,17
42,Jason Day,33,17,53,10,5,0,666,1943898.0,299.7,55.9,74,64.8,1.746,65.5,5,199,609,126,3.755,191,53,174.07,24892.48,143,178.57,164.51,53,299.7,26976,90,53,2410.4,339866,141,3458,1518,53,117.58,16226.39,138,122.69,510896118,53,289.9,41455.8,143,319.9,260.4,53,10.66,1524.51,143,6.50,16.02,53,97.20,571,555,53,54.25,153,83,53,36.04,111,40,53,22.67,75,17,53,8.93,56,5
43,Nick Taylor,33,18,59,11,2,1,741,1897539.0,296.6,64.2,101,66.9,1.757,46.3,10,210,673,153,3.559,106,59,165.42,58887.74,356,170.05,159.20,59,296.6,34999,118,59,2560.5,896163,350,3459,1529,59,110.18,18620.10,169,115.93,030552413,59,279.6,99548.4,356,308.0,235.3,59,12.03,4282.28,356,6.52,16.82,59,97.31,706,687,59,56.58,228,129,59,27.82,133,37,59,20.45,88,18,59,13.89,72,10
44,Paul Casey,44,15,56,13,1,0,730,1868952.0,307.2,63.6,23,70.6,1.774,47.5,6,204,660,122,3.643,168,56,175.12,28019.25,160,180.52,170.11,56,307.2,29490,96,56,2465.3,379656,154,3943,1557,56,116.35,18034.74,155,120.74,160704316,56,287.9,46070.0,160,335.1,47.1,56,10.18,1629.25,160,6.00,15.54,56,96.31,651,627,56,54.89,184,101,56,28.81,118,34,56,9.76,82,8,56,11.84,76,9
45,Tom Hoge,32,24,74,13,3,0,728,1857073.0,290.4,60.6,151,65.6,1.768,43.3,3,279,835,197,3.770,444,74,167.51,38861.19,232,171.74,162.10,74,290.4,42976,148,74,2503.1,543170,217,3357,1676,74,111.97,24969.27,223,117.49,510896118,74,274.3,63640.8,232,307.6,242.8,74,10.94,2538.91,232,6.83,14.53,74,96.89,933,904,74,60.14,281,169,74,26.92,182,49,74,18.75,128,24,74,14.02,107,15
46,Mark Hubbard,32,24,86,19,3,0,792,1840473.0,290.1,62.8,155,66.7,1.734,47.3,13,322,988,198,3.744,119,86,166.58,78794.19,473,173.04,159.04,86,290.1,49893,172,86,2943.6,1215724,413,3922,1556,86,112.40,32370.53,288,119.97,180510313,86,268.2,126840.1,473,1301.5,4.2,86,8.69,4111.23,473,2.01,12.94,86,97.35,1020,993,86,59.54,304,181,86,36.08,194,70,86,23.40,141,33,86,12.15,107,13
47,Tyler Duncan,32,25,83,16,1,1,834,1799855.0,286.3,69.9,173,67.5,1.763,43.0,7,307,946,210,3.699,213,83,163.84,84049.34,513,176.19,154.84,83,286.3,47519,166,83,2560.6,1241887,485,3890,1699,83,109.42,26918.12,246,120.85,510896118,83,269.0,138000.5,513,313.6,227.3,83,10.86,5573.00,513,6.19,14.94,83,95.80,1000,958,83,58.44,308,180,83,29.89,174,52,83,16.79,131,22,83,18.49,119,22
48,Brendan Steele,38,20,64,14,3,0,761,1739131.0,303.6,59.9,38,68.1,1.762,49.5,5,247,722,159,3.859,230,68,173.28,58567.06,338,179.77,163.33,68,303.6,38859,128,68,2551.9,785988,308,3921,1665,68,117.11,20728.90,177,124.68,410503413,68,288.8,97621.8,338,333.8,34.4,68,10.14,3427.92,338,2.79,14.48,68,96.86,795,770,68,55.65,230,128,68,33.77,151,51,68,24.73,93,23,68,8.79,91,8
49,Richy Werenski,29,17,56,12,3,1,836,1716407.0,298.1,58.0,87,66.7,1.729,50.9,4,218,632,139,3.893,252,60,168.47,30998.64,184,173.61,162.27,60,298.1,33391,112,60,2379.1,378276,159,3539,1510,60,111.62,20091.75,180,115.01,510896201,60,278.3,51201.3,184,317.5,229.6,60,11.12,2046.04,184,6.61,15.22,60,97.40,693,675,60,54.55,187,102,60,35.16,128,45,60,20.91,110,23,60,13.16,76,10
50,Adam Hadwin,33,17,65,15,3,0,692,1710808.0,294.0,64.5,128,68.3,1.755,65.0,9,237,746,160,3.646,130,65,168.10,82199.06,489,176.70,152.68,65,294.0,33511,114,65,2811.7,1313057,467,3885,1971,65,111.91,22941.02,205,116.15,485895306,65,280.8,137335.5,489,322.4,35.1,65,10.99,5376.17,489,5.26,15.74,65,96.24,772,743,65,60.95,210,128,65,33.33,135,45,65,19.47,113,22,65,16.87,83,14
51,Carlos Ortiz,30,22,72,14,3,0,721,1631474.0,300.3,55.4,70,66.7,1.760,48.7,12,267,828,170,3.708,108,72,174.54,77668.98,445,180.93,151.70,72,300.3,43247,144,72,2713.3,1031045,380,3980,1527,72,116.42,24564.34,211,131.60,050729304,72,284.8,126730.3,445,348.9,39.1,72,9.13,4062.46,445,-10.67,14.98,72,97.64,932,910,72,54.58,251,137,72,26.95,167,45,72,24.43,131,32,72,10.87,92,10
52,Michael Thompson,36,20,62,10,2,1,662,1577832.0,288.4,65.4,165,65.0,1.772,57.1,4,213,727,151,3.435,279,62,164.44,37821.60,230,169.22,157.32,62,288.4,35759,124,62,2662.3,569723,214,3958,1663,62,109.83,24602.99,224,116.23,470883418,62,272.0,62560.8,230,304.3,232.4,62,11.27,2592.25,230,7.30,15.27,62,97.39,805,784,62,58.41,226,132,62,29.79,141,42,62,20.19,104,21,62,13.19,91,12
53,Bubba Watson,42,20,66,13,3,0,768,1565323.0,311.0,57.9,11,67.7,1.766,45.4,9,242,753,171,3.667,132,66,180.69,89620.17,496,187.98,158.11,66,311.0,36072,116,66,2745.4,1172293,427,3991,1525,66,121.88,17794.66,146,126.51,180510103,66,293.2,145432.1,496,369.5,21.1,66,8.61,4272.99,496,1.00,18.79,66,96.32,816,786,66,57.66,222,128,66,32.52,163,53,66,19.47,113,22,66,10.26,78,8
54,Sung Kang,34,22,73,14,2,0,512,1560024.0,303.4,55.6,39,65.3,1.786,44.4,6,266,791,219,3.644,219,73,172.19,33921.10,197,178.75,164.53,73,303.4,39444,130,73,2404.2,411117,171,3648,1502,73,114.58,21999.04,192,118.32,445893117,73,286.6,56469.8,197,353.7,36.3,73,12.55,2472.54,197,5.92,18.85,73,96.34,901,868,73,51.48,270,139,73,31.82,154,49,73,20.00,115,23,73,6.06,99,6
55,Matt Kuchar,43,16,56,12,1,0,646,1515585.0,282.9,65.8,186,65.0,1.734,58.4,5,212,640,135,3.786,202,56,163.14,67867.19,416,169.43,154.96,56,282.9,31681,112,56,2549.0,917650,360,3857,1519,56,108.98,17655.23,162,119.80,510896203,56,271.0,112743.1,416,320.5,215.6,56,10.93,4545.96,416,5.93,16.61,56,97.96,687,673,56,62.43,181,113,56,34.35,131,45,56,22.92,96,22,56,11.11,72,8
56,Andrew Landry,33,21,63,10,1,1,647,1510275.0,289.7,65.7,158,64.1,1.765,46.2,2,229,709,172,3.635,567,63,163.74,75156.37,459,172.13,158.25,63,289.7,36505,126,63,2438.9,1034092,424,3638,1557,63,108.78,24040.93,221,113.61,180510314,63,273.1,125373.1,459,921.7,225.0,63,11.31,5192.78,459,7.25,16.04,63,97.36,834,812,63,50.50,202,102,63,24.29,140,34,63,12.50,120,15,63,12.84,109,14
57,Dylan Frittelli,31,24,82,17,3,0,664,1507497.0,291.3,60.8,146,65.8,1.775,50.7,8,308,920,215,3.756,185,82,170.78,40474.41,237,182.21,164.00,82,291.3,43119,148,82,2858.6,626026,219,3919,1553,82,113.44,26317.50,232,119.70,485895204,82,283.2,66843.6,236,331.8,241.0,82,9.75,2311.19,237,4.51,14.51,82,96.16,989,951,82,54.55,264,144,82,32.53,166,54,82,21.01,119,25,82,15.00,120,18
58,Corey Conners,29,22,74,15,1,0,695,1498121.0,298.7,67.1,82,71.5,1.800,44.4,8,276,843,185,3.730,167,74,174.09,35688.92,205,178.34,168.30,74,298.7,37043,124,74,3088.7,568313,184,3997,1759,74,115.43,23085.51,200,119.12,510896418,74,283.6,58131.9,205,332.7,34.7,74,9.77,2002.87,205,5.29,14.17,74,95.45,923,881,74,54.44,248,135,74,24.46,184,45,74,20.66,121,25,74,7.69,104,8
59,Jason Kokrak,36,20,62,11,3,0,827,1494604.0,312.4,57.6,7,68.6,1.803,43.8,4,227,710,157,3.661,279,62,176.47,70940.65,402,185.70,166.66,62,312.4,33743,108,62,2296.9,859039,374,3313,1651,62,117.80,22382.58,190,124.10,510896217,62,297.0,119391.1,402,353.4,22.1,62,12.82,5152.82,402,5.79,18.41,62,97.42,737,718,62,54.98,211,116,62,24.84,157,39,62,13.08,107,14,62,10.26,78,8
60,Phil Mickelson,51,16,51,0,2,0,488,1493908.0,301.5,54.0,60,63.5,1.748,56.6,7,192,572,127,3.765,131,51,174.02,22622.65,130,179.39,167.34,51,301.5,25929,86,51,2553.2,278304,109,3995,1574,51,117.09,14636.16,125,122.23,160704308,51,290.1,37715.7,130,332.7,229.7,51,11.86,1541.18,130,5.75,19.07,51,98.53,544,536,51,51.27,158,81,51,29.59,98,29,51,19.48,77,15,51,13.43,67,9
61,Brian Harman,34,22,78,17,1,0,860,1482583.0,293.0,63.3,138,65.7,1.717,61.0,8,310,894,168,3.974,176,78,163.95,98372.24,600,169.98,152.26,78,293.0,45715,156,78,2424.9,1338544,552,3676,1526,78,109.81,31076.44,283,114.97,490752415,78,271.8,163073.3,600,319.2,135.1,78,11.89,7133.44,600,6.60,16.57,78,98.20,1002,984,78,56.29,286,161,78,34.00,200,68,78,18.10,116,21,78,12.90,93,12
62,Max Homa,30,21,70,14,4,0,540,1453056.0,300.6,58.9,68,64.6,1.764,49.0,6,256,802,173,3.657,210,70,177.60,37473.60,211,182.72,167.54,70,300.6,37270,124,70,2891.6,595662,206,3944,1527,70,118.68,24330.00,205,123.98,180510213,70,290.4,61266.3,211,325.9,249.9,70,8.91,1880.32,211,4.62,13.69,70,98.16,816,801,70,53.42,234,125,70,34.27,143,49,70,15.65,115,18,70,11.39,79,9
63,Talor Gooch,29,24,83,18,2,0,648,1398171.0,298.2,58.3,85,67.1,1.745,51.0,6,318,941,200,3.831,249,83,175.21,38195.58,218,181.64,164.62,83,298.2,49505,166,83,2590.7,528499,204,3981,1686,83,118.28,25548.57,216,123.95,050729413,83,284.0,61902.2,218,323.8,248.9,83,8.91,1943.01,218,2.43,14.58,83,97.19,1068,1038,83,59.87,299,179,83,27.18,195,53,83,20.55,146,30,83,15.04,113,17
64,Jim Herman,43,21,60,9,1,1,619,1390275.0,285.6,69.3,176,64.2,1.824,42.0,4,192,662,199,3.200,270,60,167.67,47450.89,283,173.82,152.07,60,285.6,34266,120,60,2475.0,641033,259,3321,1597,60,112.98,19772.03,175,123.43,050729315,60,267.7,75746.7,283,301.2,184.8,60,9.22,2609.42,283,1.21,14.75,60,97.10,759,737,60,49.26,203,100,60,32.19,146,47,60,17.92,106,19,60,12.36,89,11
65,Charles Howell III,42,20,69,14,3,0,551,1371807.0,301.1,54.6,62,68.8,1.768,50.5,8,253,791,173,3.667,155,69,175.25,63090.36,360,184.86,166.33,69,301.1,34324,114,69,2657.2,895460,337,3936,1855,69,116.85,19982.15,171,122.95,510896202,69,286.8,103237.2,360,360.8,238.1,69,8.44,3037.16,360,3.17,14.63,69,96.67,720,696,69,57.87,197,114,69,28.68,136,39,69,20.00,85,17,69,14.47,76,11
66,Louis Oosthuizen,38,13,48,11,2,0,611,1312138.0,300.1,60.6,72,65.3,1.757,43.2,4,172,543,127,3.583,216,48,169.23,61937.94,366,175.50,154.17,48,300.1,24008,80,48,2529.6,865139,342,3846,1576,48,112.41,15513.02,138,120.46,485895104,48,281.1,102889.2,366,342.1,47.5,48,11.18,4092.56,366,5.86,16.57,48,97.28,551,536,48,62.50,176,110,48,30.19,106,32,48,23.46,81,19,48,14.29,63,9
67,Maverick McNealy,25,23,76,17,3,0,575,1293984.0,296.6,58.2,102,65.9,1.736,61.4,6,308,849,180,4.053,228,80,172.49,60024.85,348,178.46,157.57,80,296.6,45079,152,80,2363.2,775116,328,3086,1505,80,115.23,24083.56,209,121.13,395021403,80,274.5,94983.9,346,333.4,52.6,80,8.61,2996.78,348,-25.01,15.32,80,97.69,779,761,80,59.75,241,144,80,30.43,161,49,80,27.05,122,33,80,17.07,82,14
68,J.T. Poston,28,23,78,16,2,0,576,1282929.0,290.2,63.7,153,64.7,1.711,57.2,6,303,881,192,3.885,234,78,169.21,80036.28,473,176.36,162.78,78,290.2,40628,140,78,2642.6,1165365,441,3885,1623,78,113.05,23854.49,211,117.71,230734118,78,279.7,132317.0,473,315.4,239.6,78,10.67,5046.03,473,6.52,14.65,78,95.93,885,849,78,65.40,237,155,78,35.33,167,59,78,22.76,123,28,78,18.09,94,17
69,Alex Noren,39,17,56,13,4,0,706,1274003.0,296.0,58.1,109,64.8,1.740,58.6,8,217,634,139,3.875,126,60,174.72,64122.73,367,180.87,163.82,60,296.0,33153,112,60,2981.2,974841,327,3998,1554,60,117.89,17801.20,151,124.53,470883418,60,285.3,104716.8,367,321.1,243.1,60,9.67,3548.57,367,1.10,17.50,60,97.20,643,625,60,58.96,173,102,60,35.58,104,37,60,15.15,66,10,60,14.52,62,9
70,Harry Higgs,29,25,83,16,2,0,684,1251570.0,301.0,62.2,63,66.1,1.752,48.6,7,304,957,195,3.663,213,83,171.51,46135.35,269,179.17,157.31,83,301.0,49974,166,83,2471.1,620240,251,3638,1571,83,116.60,30900.24,265,122.18,240009112,83,285.7,76849.8,269,333.0,240.8,83,9.77,2627.47,269,4.65,15.50,83,97.15,982,954,83,53.29,289,154,83,31.00,200,62,83,22.39,134,30,83,9.78,92,9
71,Xinjun Zhang,34,25,77,13,3,0,474,1232376.0,293.8,59.5,130,66.0,1.755,50.0,4,316,824,220,4.104,347,77,170.40,37827.70,222,175.99,159.11,77,293.8,42894,146,77,2602.1,567247,218,3703,1605,77,116.22,25335.95,218,120.67,050729113,77,279.5,62049.0,222,311.1,235.1,77,8.99,1995.33,222,3.51,15.94,77,95.69,859,822,77,50.43,234,118,77,32.43,148,48,77,19.01,121,23,77,17.50,80,14
72,Robby Shelton,25,24,71,13,3,0,597,1232306.0,296.6,61.2,103,66.9,1.773,46.5,6,265,779,204,3.732,213,75,166.64,36493.32,219,173.81,159.93,75,296.6,42111,142,75,2204.1,443020,201,3629,1554,75,110.69,23799.26,215,116.57,410503106,75,274.4,60087.3,219,312.5,237.5,75,11.40,2496.55,219,6.22,15.57,75,96.73,826,799,75,51.27,236,121,75,31.45,159,50,75,17.59,108,19,75,6.76,74,5
73,Russell Henley,32,20,63,13,4,0,682,1195378.0,290.1,65.6,156,71.7,1.781,55.7,5,227,766,113,3.603,227,67,165.44,36728.22,222,170.00,155.49,67,290.1,36549,126,67,2576.4,523011,203,3780,1716,67,109.87,23730.99,216,115.06,510896315,67,271.4,60241.1,222,307.1,232.0,67,10.12,2247.29,222,3.97,14.13,67,96.45,844,814,67,54.35,230,125,67,25.97,154,40,67,19.38,129,25,67,9.52,84,8
74,Denny McCarthy,28,23,77,18,4,0,511,1178557.0,293.8,61.6,132,67.5,1.719,49.6,7,325,835,196,4.221,198,81,169.81,73525.89,433,174.84,159.07,81,293.8,45240,154,81,2532.6,1000381,395,3863,1529,81,112.86,23023.88,204,117.08,465023115,81,277.0,119958.0,433,309.6,65.8,81,11.08,4799.12,433,5.28,15.30,81,97.87,891,872,81,64.75,244,158,81,32.93,164,54,81,25.93,135,35,81,13.08,107,14
75,Henrik Norlander,34,23,74,14,3,0,483,1175431.0,292.1,69.6,141,70.6,1.765,44.0,8,284,838,185,3.838,167,74,167.94,29390.07,175,171.42,162.61,74,292.1,43229,148,74,2446.9,401296,164,3605,1611,74,112.99,19321.41,171,115.85,415876117,74,275.1,48148.1,175,303.4,195.1,74,8.86,1550.46,175,.35,13.07,74,96.63,801,774,74,58.65,237,139,74,30.20,149,45,74,19.33,119,23,74,10.23,88,9
76,Vaughn Taylor,45,19,61,11,2,0,442,1148779.0,281.6,67.8,189,63.8,1.720,47.0,3,237,682,151,3.885,366,61,160.63,47707.71,297,168.85,154.99,61,281.6,29852,106,61,2472.7,660217,267,3700,1526,61,107.20,18331.90,171,111.90,410503110,61,265.5,78841.8,297,296.9,216.5,61,13.13,3899.95,297,8.55,16.48,61,97.10,620,602,61,58.10,179,104,61,31.09,119,37,61,18.18,99,18,61,21.28,47,10
77,Sepp Straka,28,25,70,10,3,0,466,1140441.0,302.7,60.2,41,67.0,1.777,51.8,6,259,799,163,3.700,210,70,171.14,35597.85,208,176.71,162.59,70,302.7,42381,140,70,2128.1,355396,167,3871,1532,70,113.52,23158.37,204,119.45,405012405,70,287.7,59839.6,208,320.3,215.4,70,11.71,2436.60,208,5.94,15.52,70,96.92,878,851,70,57.42,256,147,70,34.36,163,56,70,18.58,113,21,70,16.09,87,14
78,Jordan Spieth,27,17,62,14,3,0,354,1138146.0,301.6,52.1,56,62.4,1.724,49.1,7,240,671,175,3.871,159,62,172.47,71231.79,413,182.11,162.30,62,301.6,30162,100,62,2385.7,887471,372,3352,1542,62,114.05,17221.63,151,117.95,220240104,62,285.6,117937.8,413,472.0,35.2,62,10.84,4475.93,413,5.67,15.73,62,95.59,680,650,62,51.85,189,98,62,38.33,120,46,62,16.30,92,15,62,18.33,60,11
79,Doc Redman,23,24,82,17,1,0,514,1129549.0,297.4,68.3,96,70.8,1.752,55.0,7,323,935,192,3.939,211,82,170.08,43199.17,254,173.74,164.57,82,297.4,48773,164,82,2611.2,647589,248,3916,1649,82,114.74,28569.37,249,120.38,485895404,82,280.5,71251.9,254,325.1,246.5,82,9.40,2387.64,254,6.22,14.17,82,96.01,1002,962,82,55.67,282,157,82,30.20,202,61,82,21.43,154,33,82,14.66,116,17
80,Chez Reavie,39,22,77,16,2,0,429,1123769.0,284.4,69.7,180,67.2,1.778,56.7,7,262,914,182,3.403,198,77,160.99,74055.75,460,190.12,149.53,77,284.4,36976,130,77,2193.2,914578,417,3659,1507,77,107.83,21890.39,203,132.00,485895215,77,267.7,123137.3,460,665.4,207.5,77,12.19,5606.19,460,6.87,15.89,77,96.31,841,810,77,55.02,209,115,77,32.52,163,53,77,14.58,96,14,77,5.00,100,5
81,Brooks Koepka,31,13,40,8,2,0,360,1123227.0,307.0,53.8,25,66.8,1.748,43.8,4,156,428,111,3.900,180,40,178.91,23616.50,132,185.26,171.56,40,307.0,23332,76,40,2601.6,325202,125,3635,1702,40,120.03,15243.19,127,125.75,040538209,40,296.5,39133.6,132,332.4,257.6,40,10.25,1353.41,132,6.47,13.92,40,96.16,547,526,40,57.69,156,90,40,26.55,113,30,40,18.46,65,12,40,14.52,62,9
82,Si Woo Kim,26,24,74,15,1,0,454,1074246.0,298.1,57.0,88,65.5,1.750,49.3,3,288,822,193,3.892,444,78,169.47,40672.21,240,176.67,162.04,78,298.1,39348,132,78,2468.7,540651,219,3890,1842,78,113.47,26665.52,235,117.92,040538316,78,276.0,66236.8,240,313.2,213.9,78,9.40,2256.71,240,.04,15.76,78,95.91,855,820,78,57.66,248,143,78,33.71,175,59,78,15.87,126,20,78,11.11,81,9
83,Harold Varner III,30,22,74,14,1,0,457,1060152.0,301.9,61.7,49,70.6,1.754,44.0,4,297,842,166,4.014,333,74,169.98,75981.45,447,175.62,146.17,74,301.9,39856,132,74,2070.9,704120,340,3646,1503,74,113.01,22488.09,199,117.16,030552309,74,282.8,126423.2,447,321.8,4.6,74,12.28,5488.79,447,-.08,16.43,74,96.74,829,802,74,56.58,228,129,74,31.29,163,51,74,11.93,109,13,74,11.24,89,10
84,Bud Cauley,31,20,61,13,2,0,443,1042100.0,290.5,59.0,149,65.6,1.761,67.0,5,204,739,138,3.344,220,65,166.93,73449.73,440,174.31,146.65,65,290.5,35438,122,65,2668.4,1072688,402,3903,1513,65,111.25,22583.71,203,117.33,180510215,65,273.7,120406.6,440,322.1,227.3,65,11.71,5152.62,440,6.63,17.59,65,97.33,825,803,65,58.78,245,144,65,30.19,159,48,65,13.39,112,15,65,6.41,78,5
85,Troy Merritt,35,22,68,14,2,0,489,1037971.0,291.8,64.5,143,66.5,1.758,48.0,4,256,776,159,3.765,306,72,167.47,74524.14,445,173.27,141.69,72,291.8,35012,120,72,2816.6,1149186,408,3899,1539,72,111.40,20608.84,185,115.26,405012105,72,278.2,123803.8,445,323.1,34.5,72,12.05,5361.58,445,7.21,16.18,72,98.14,752,738,72,60.55,218,132,72,31.88,160,51,72,23.53,119,28,72,10.10,99,10
86,Nate Lashley,38,20,52,9,2,0,395,1035222.0,287.0,62.1,168,64.9,1.769,47.0,7,176,592,152,3.385,134,52,164.36,49307.97,300,171.61,154.92,52,287.0,26977,94,52,2264.9,631900,279,3863,1555,52,109.53,14567.87,133,114.18,485895304,52,271.4,81426.6,300,302.7,235.4,52,11.54,3463.42,300,6.57,15.36,52,97.62,629,614,52,60.00,195,117,52,28.00,125,35,52,18.99,79,15,52,9.86,71,7
87,Ian Poulter,45,13,48,12,1,0,437,1034334.0,286.8,59.6,171,62.6,1.708,54.0,8,178,540,127,3.708,108,48,165.36,26457.72,160,168.56,158.43,48,286.8,21797,76,48,2488.0,360765,145,3523,1593,48,109.87,16919.87,154,113.19,405012405,48,261.8,41887.8,160,294.4,19.5,48,9.40,1504.50,160,6.04,13.81,48,97.08,513,498,48,63.13,160,101,48,39.60,101,40,48,31.08,74,23,48,6.12,49,3
88,Tommy Fleetwood,30,11,40,9,1,0,412,1025676.0,309.6,61.3,14,67.2,1.787,56.9,4,155,440,113,3.875,180,40,175.22,20676.15,118,179.41,170.28,40,309.6,17337,56,40,2396.7,268434,112,3539,1722,40,116.12,13005.97,112,119.47,485895212,40,297.3,35076.3,118,347.1,249.1,40,11.77,1388.41,118,7.26,15.31,40,98.46,390,384,40,47.27,110,52,40,40.85,71,29,40,21.28,47,10,40,9.30,43,4
89,Patrick Rodgers,29,27,91,20,1,0,440,1015849.0,308.5,52.9,18,67.0,1.747,49.2,7,343,1043,217,3.769,234,95,177.97,47160.89,265,183.49,169.49,95,308.5,56147,182,95,2539.4,611988,241,3878,1545,95,119.75,31133.78,260,126.27,490752318,95,290.0,76858.9,265,327.3,185.7,95,9.04,2396.71,265,1.77,15.52,95,97.12,1042,1012,95,62.38,303,189,95,38.34,193,74,95,16.54,133,22,95,16.49,97,16
90,Pat Perez,45,18,55,12,2,0,421,1010905.0,290.3,62.7,152,70.5,1.769,57.8,8,199,645,123,3.618,124,59,169.15,51589.24,305,175.88,157.95,59,290.3,27292,94,59,2841.1,772766,272,3863,1644,59,116.30,15584.59,134,121.62,500700109,59,281.8,85959.8,305,776.5,33.3,59,11.76,3585.33,305,7.47,16.24,59,96.68,573,554,59,56.96,158,90,59,33.03,109,36,59,16.85,89,15,59,13.43,67,9
91,Brian Stuard,38,25,81,16,2,0,438,1002095.0,281.5,71.8,190,65.1,1.742,50.0,4,298,940,200,3.679,365,83,158.60,78983.17,498,164.41,142.67,83,281.5,43344,154,83,2402.3,1071445,446,3902,1558,83,105.24,24204.96,230,109.09,040538313,83,258.4,128663.3,498,302.9,206.7,83,11.32,5638.73,498,5.94,17.13,83,97.01,904,877,83,54.68,278,152,83,33.53,173,58,83,20.91,110,23,83,12.94,85,11
92,Matt Jones,41,23,76,16,2,0,398,996369.0,297.3,59.2,97,66.2,1.764,58.3,7,286,847,204,3.763,195,76,172.78,89844.75,520,180.32,143.99,76,297.3,42817,144,76,2757.7,1276811,463,3917,1582,76,115.02,23463.47,204,120.82,040538313,76,279.6,145389.4,520,339.9,19.4,76,8.55,4446.19,520,2.57,13.72,76,96.54,925,893,76,58.10,253,147,76,29.27,164,48,76,19.08,131,25,76,6.60,106,7
93,Justin Rose,40,13,38,6,2,0,413,965656.0,299.6,60.3,75,63.2,1.736,61.3,5,152,404,108,4.000,137,38,170.89,49729.80,291,179.21,157.86,38,299.6,20373,68,38,2456.0,682758,278,3690,1597,38,115.37,14998.07,130,122.83,395021303,38,286.9,83473.5,291,326.8,181.1,38,11.76,3422.16,291,2.57,17.47,38,96.78,466,451,38,52.74,146,77,38,33.68,95,32,38,24.56,57,14,38,14.81,54,8
94,Scott Brown,38,22,64,9,1,0,323,963412.0,288.5,67.4,163,64.5,1.786,44.1,4,218,734,177,3.406,288,64,165.90,29861.93,180,173.64,159.84,64,288.5,36934,128,64,2458.1,403122,164,3892,1637,64,111.57,19524.12,175,118.02,500700109,64,272.7,49084.9,180,306.0,228.5,64,10.74,1932.74,180,6.27,15.17,64,96.96,724,702,64,49.77,217,108,64,25.41,122,31,64,18.56,97,18,64,20.29,69,14
95,Ryan Moore,38,16,44,9,2,0,360,957540.0,289.9,68.6,157,68.6,1.742,47.9,2,171,501,108,3.886,396,48,162.35,23216.68,143,167.14,154.55,48,289.9,20872,72,48,2398.6,321417,134,3382,1514,48,108.93,15033.02,138,111.39,405012105,48,259.6,37118.0,143,290.0,20.1,48,9.22,1318.13,143,3.25,14.05,48,96.32,489,471,48,59.12,137,81,48,30.21,96,29,48,16.22,74,12,48,16.36,55,9
96,Scott Harrington,40,22,68,11,1,0,381,951211.0,307.1,58.4,24,64.5,1.790,57.7,5,244,752,195,3.588,245,68,180.76,30728.84,170,186.34,173.31,68,307.1,41766,136,68,2778.6,441790,159,3867,1534,68,121.17,19992.27,165,126.26,415876114,68,294.2,50020.1,170,350.1,251.1,68,8.26,1404.64,170,3.96,11.55,68,95.88,776,744,68,54.34,219,119,68,32.64,144,47,68,22.45,98,22,68,19.32,88,17
97,Rickie Fowler,32,14,44,8,2,0,402,947309.0,294.9,64.8,119,66.5,1.738,47.9,9,173,490,109,3.932,88,44,171.21,56157.71,328,176.11,158.62,44,294.9,25949,88,44,2787.6,883685,317,3851,1668,44,113.69,15802.65,139,117.23,180510115,44,286.0,93821.8,328,325.4,243.7,44,11.26,3693.45,328,5.44,15.89,44,97.35,566,551,44,60.45,177,107,44,31.15,122,38,44,16.67,72,12,44,20.63,63,13
98,Charley Hoffman,44,20,59,11,2,0,476,932875.0,296.5,56.8,104,68.4,1.726,53.4,7,249,636,140,4.220,152,63,170.30,68629.94,403,182.18,159.14,63,296.5,32617,110,63,2651.1,962360,363,3754,1509,63,113.77,19908.97,175,121.74,500700114,63,278.4,112213.4,403,315.6,32.7,63,10.82,4361.12,403,5.31,15.55,63,96.25,666,641,63,61.43,223,137,63,32.31,130,42,63,17.65,102,18,63,9.46,74,7
99,Cameron Tringale,33,18,63,14,1,0,450,911172.0,301.9,54.0,50,69.7,1.776,50.0,5,245,735,131,3.889,227,63,175.17,39413.98,225,180.30,166.68,63,301.9,38044,126,63,2699.4,523685,194,3965,1565,63,119.68,26209.72,219,125.58,050729404,63,287.9,64775.7,225,327.8,257.9,63,9.77,2198.77,225,5.61,14.85,63,96.88,769,745,63,60.40,202,122,63,27.41,135,37,63,19.80,101,20,63,15.85,82,13
100,Brandt Snedeker,40,16,53,10,1,0,358,896750.0,288.5,61.9,162,65.9,1.750,55.6,1,201,617,122,3.792,954,53,162.29,67026.02,413,170.13,153.91,53,288.5,30586,106,53,2421.8,905761,374,3876,1535,53,108.79,20343.52,187,113.84,485895304,53,271.0,111911.6,413,316.7,50.7,53,11.54,4766.51,413,-9.92,15.71,53,96.74,705,682,53,61.50,200,123,53,27.54,138,38,53,18.28,93,17,53,11.11,81,9
102,Keith Mitchell,29,21,64,11,1,0,342,886979.0,301.9,58.3,51,65.0,1.774,48.0,6,242,681,191,3.781,192,64,178.32,28710.23,161,183.94,170.37,64,301.9,33812,112,64,2554.0,370328,145,3415,1530,64,119.65,18664.63,156,123.49,490752111,64,291.0,46851.5,161,326.5,207.4,64,10.41,1676.70,161,5.34,15.67,64,96.25,693,667,64,57.92,221,128,64,38.24,136,52,64,19.09,110,21,64,13.64,66,9
103,Cam Davis,26,20,58,11,2,0,443,857225.0,308.0,58.8,20,69.3,1.779,57.0,11,240,628,145,4.138,95,62,178.24,26914.98,151,182.15,172.36,62,308.0,35723,116,62,2674.6,366422,137,3478,1531,62,118.35,16332.53,138,123.70,160704411,62,298.2,45026.5,151,337.0,265.2,62,10.81,1631.75,151,5.84,15.00,62,95.37,648,618,62,56.65,203,115,62,31.30,115,36,62,23.46,81,19,62,13.64,66,9
104,Ryan Armour,45,21,58,8,3,0,366,850571.0,284.1,73.9,182,67.9,1.756,39.0,5,227,638,165,3.914,209,60,159.93,60295.16,377,166.20,153.86,60,284.1,32959,116,60,2463.6,812990,330,3918,1593,60,106.10,17825.54,168,109.27,405012305,60,256.6,96723.6,377,288.9,209.2,60,9.82,3701.17,377,3.28,14.95,60,95.90,658,631,60,48.45,194,94,60,27.13,129,35,60,17.65,85,15,60,12.20,82,10
105,Emiliano Grillo,28,23,65,12,3,0,405,849538.0,295.7,66.1,113,71.5,1.803,46.7,8,245,726,175,3.769,146,69,171.03,28561.19,167,175.73,164.15,69,295.7,33713,114,69,2681.0,434326,162,3536,1521,69,113.79,18433.28,162,117.61,230734210,69,281.2,46963.9,167,309.7,244.3,69,9.28,1550.14,167,1.83,14.24,69,95.36,733,699,69,46.28,188,87,69,29.14,151,44,69,14.94,87,13,69,10.26,78,8
106,Keegan Bradley,35,0,68,14,0,0,379,824471.0,301.0,59.7,64,66.4,1.793,51.3,7,236,767,205,3.471,175,68,171.74,31084.23,181,177.22,163.97,68,301.0,36125,120,68,2312.3,369960,160,3954,1577,68,114.40,20133.75,176,117.76,180510313,68,290.4,52561.3,181,324.6,250.9,68,12.62,2283.85,181,9.00,16.12,68,95.12,841,800,68,52.36,254,133,68,25.00,136,34,68,18.64,118,22,68,11.49,87,10
107,Wyndham Clark,27,23,61,10,1,0,346,814737.0,305.1,52.2,32,62.6,1.739,53.4,9,232,657,170,3.803,122,65,180.38,29221.62,162,184.66,169.91,65,305.1,32336,106,65,2462.5,359528,146,3963,1527,65,119.93,18708.74,156,124.75,200500211,65,294.8,47764.8,162,330.0,215.4,65,11.31,1831.63,162,6.96,15.44,65,97.78,632,618,65,59.42,207,123,65,34.71,121,42,65,21.92,73,16,65,10.34,58,6
108,Scott Piercy,42,19,66,14,1,0,361,809871.0,297.2,62.7,100,64.7,1.770,36.2,7,225,758,177,3.409,170,66,167.87,66642.75,397,175.02,148.50,66,297.2,34473,116,66,2436.8,852895,350,3953,1561,66,111.58,17295.48,155,121.47,040538102,66,274.8,108820.8,396,318.7,213.4,66,11.44,4540.63,397,5.63,16.76,66,97.38,725,706,66,52.94,204,108,66,31.34,134,42,66,15.05,93,14,66,10.26,78,8
109,Matt Wallace,31,13,44,9,1,0,244,800993.0,301.7,53.1,53,63.6,1.760,59.3,3,161,489,117,3.659,264,44,172.83,60664.48,351,180.69,160.80,44,301.7,24138,80,44,2618.2,856153,327,3902,1556,44,115.20,16243.21,141,123.98,405012405,44,289.7,101701.0,351,346.9,32.0,44,11.78,4135.30,351,5.58,20.00,44,97.37,570,555,44,57.23,159,91,44,28.18,110,31,44,21.95,82,18,44,14.29,70,10
110,Matthew NeSmith,27,23,68,13,1,0,372,783232.0,295.0,64.1,118,70.2,1.765,49.5,8,253,791,152,3.721,153,72,170.87,29048.48,170,177.68,162.75,72,295.0,40117,136,72,2491.1,371172,149,3698,1555,72,114.26,18738.97,164,119.81,490752118,72,281.9,47915.4,170,325.7,231.3,72,9.61,1634.44,170,1.81,12.98,72,97.52,765,746,72,56.41,234,132,72,28.99,138,40,72,15.83,120,19,72,10.59,85,9
111,K.H. Lee,29,25,72,13,1,0,382,781808.0,296.4,65.0,105,65.2,1.766,53.3,1,269,825,175,3.736,1296,76,169.41,36254.15,214,173.76,163.08,76,296.4,40312,136,76,2500.2,512549,205,3828,1594,76,112.74,23449.62,208,118.92,160704109,76,278.2,59524.4,214,307.7,230.0,76,9.62,2058.61,214,6.04,13.98,76,96.78,776,751,76,58.33,240,140,76,26.19,126,33,76,15.22,92,14,76,12.35,81,10
112,Shane Lowry,34,13,44,9,1,0,283,781326.0,299.4,60.9,76,69.4,1.796,61.5,3,161,508,104,3.659,264,44,172.74,52341.45,303,179.60,161.70,44,299.4,21556,72,44,2317.0,586195,253,3981,1518,44,114.76,14459.52,126,129.68,490752415,44,282.9,85723.6,303,334.6,49.5,44,9.70,2937.67,303,-2.02,16.80,44,95.41,523,499,44,57.82,147,85,44,35.00,100,35,44,19.05,63,12,44,6.78,59,4
113,Zach Johnson,45,18,61,12,1,0,358,777727.0,285.9,62.8,175,68.0,1.751,50.6,1,230,717,125,3.770,1098,61,163.94,59838.95,365,169.53,155.55,61,285.9,34882,122,61,2467.2,836368,339,3613,1507,61,109.89,18790.88,171,112.36,500700109,61,270.9,98893.8,365,315.6,225.0,61,11.90,4344.06,365,7.11,15.38,61,97.49,756,737,61,60.19,211,127,61,37.42,155,58,61,14.14,99,14,61,11.39,79,9
114,Sam Burns,24,19,58,11,1,0,345,757500.0,312.0,54.8,8,67.0,1.755,32.1,9,226,646,144,3.897,116,60,178.95,74800.76,418,186.48,162.00,60,312.0,36197,116,60,2604.9,1023735,393,3858,1640,60,118.67,22428.07,189,122.76,230734318,60,294.0,122887.0,418,335.1,61.6,60,8.85,3701.07,418,-.95,13.02,60,97.26,766,745,60,60.66,244,148,60,31.91,141,45,60,16.36,110,18,60,10.53,76,8
115,Graeme McDowell,41,16,48,9,1,0,305,751082.0,283.9,62.0,183,63.3,1.768,36.5,3,164,533,139,3.417,288,48,163.57,42855.85,262,172.21,154.97,48,283.9,24416,86,48,2597.0,573941,221,3600,1517,48,110.39,12363.71,112,114.44,240009104,48,268.2,70260.5,262,325.1,56.0,48,9.07,2377.05,262,.56,15.34,48,96.19,525,505,48,55.81,172,96,48,23.47,98,23,48,20.63,63,13,48,20.75,53,11
116,Zac Blair,30,23,66,12,1,0,324,745273.0,280.9,62.6,191,63.5,1.768,50.8,1,240,744,177,3.636,1188,70,160.06,65623.01,410,168.39,153.59,70,280.9,37077,132,70,2499.7,964893,386,3336,1560,70,108.00,18251.47,169,112.72,395021411,70,262.7,107697.7,410,296.3,220.7,70,11.35,4652.73,410,6.07,15.34,70,95.72,724,693,70,59.41,202,120,70,27.07,133,36,70,17.53,97,17,70,10.45,67,7
117,Luke List,36,22,69,12,1,0,297,731507.0,307.8,57.5,21,69.5,1.803,53.8,13,252,782,170,3.652,96,69,180.79,35435.25,196,187.38,174.64,69,307.8,40008,130,69,2655.2,483240,182,3895,1733,69,123.68,23746.55,192,128.82,415876107,69,295.7,57953.8,196,325.1,243.7,69,9.08,1779.43,196,2.67,13.69,69,94.75,876,830,69,51.45,241,124,69,30.23,172,52,69,14.56,103,15,69,14.94,87,13
118,Lucas Glover,41,21,67,12,1,0,303,728355.0,301.6,64.6,55,68.7,1.780,49.2,4,263,740,175,3.925,302,67,171.04,61401.85,359,184.03,158.11,67,301.6,33181,110,67,2290.8,719301,314,3771,1592,67,113.49,18385.78,162,119.00,470883212,67,273.5,98182.6,359,338.9,63.9,67,8.77,3149.75,359,4.41,15.37,67,95.79,736,705,67,58.21,201,117,67,24.32,148,36,67,15.45,110,17,67,9.09,66,6
119,Brian Gay,49,23,63,10,2,0,323,702647.0,288.5,58.7,164,64.8,1.722,38.5,5,245,691,163,3.889,227,67,162.43,34435.78,212,167.09,155.65,67,288.5,36351,126,67,2311.8,448494,194,3371,1546,67,109.21,22606.17,207,115.63,405012218,67,269.5,57143.1,212,310.9,213.0,67,11.77,2496.27,212,7.69,15.60,67,97.17,706,686,67,53.64,220,118,67,29.79,141,42,67,22.34,94,21,67,16.00,75,12
120,Sam Ryder,31,25,70,12,2,0,349,690246.0,297.7,61.2,91,66.3,1.770,42.4,4,275,785,173,3.929,315,74,172.19,34954.57,203,178.11,161.27,74,297.7,41682,140,74,2788.2,493505,177,3750,1531,74,117.34,23233.55,198,121.56,180510213,74,281.7,57183.5,203,312.3,34.6,74,8.65,1755.15,203,4.72,13.81,74,97.34,789,768,74,59.83,229,137,74,23.13,147,34,74,22.76,123,28,74,11.63,86,10
121,Adam Schenk,29,0,74,15,0,0,349,678928.0,302.0,62.3,47,69.1,1.778,49.1,8,283,857,170,3.824,167,78,177.69,33760.68,190,183.38,168.06,78,302.0,39860,132,78,2871.4,493884,172,3924,1514,78,120.09,22337.21,186,124.65,040538216,78,284.4,54037.8,190,319.1,239.4,78,7.05,1338.97,190,2.06,11.59,78,97.80,773,756,78,58.37,221,129,78,32.73,165,54,78,20.39,103,21,78,10.59,85,9
123,Scott Stallings,36,20,67,15,2,0,296,664849.0,297.6,57.3,93,69.7,1.743,48.3,13,260,762,153,3.881,93,71,171.18,26362.04,154,177.28,164.59,71,297.6,39873,134,71,2411.2,330329,137,3446,1544,71,114.33,16806.98,147,119.88,470883412,71,276.8,42633.9,154,317.9,227.5,71,8.92,1373.40,154,.48,15.19,71,97.70,740,723,71,55.95,252,141,71,28.79,132,38,71,13.73,102,14,71,10.84,83,9
124,Sergio Garcia,41,12,44,10,1,0,241,658935.0,305.8,60.6,27,68.3,1.793,55.1,2,169,495,113,3.841,396,44,175.70,19503.18,111,180.02,168.84,44,305.8,19573,64,44,2817.9,276151,98,3548,1556,44,119.39,12535.81,105,123.91,405012402,44,287.7,31940.0,111,348.0,52.1,44,9.59,1064.14,111,2.18,15.24,44,95.00,480,456,44,52.94,136,72,44,30.00,80,24,44,17.24,58,10,44,2.27,44,1
125,Beau Hossler,26,22,67,13,1,0,308,658088.0,306.6,53.9,26,65.2,1.757,51.8,6,239,768,170,3.567,201,71,172.23,63552.06,369,177.03,158.47,71,306.6,41091,134,71,2285.7,767989,336,3509,1514,71,114.93,23446.19,204,134.08,110776215,71,290.3,106831.9,368,327.8,247.5,71,11.50,4243.19,369,6.43,16.64,71,96.55,696,672,71,59.04,188,111,71,34.11,129,44,71,21.43,98,21,71,14.06,64,9
126,Rafa Cabrera Bello,37,0,53,10,0,0,258,646577.0,293.7,62.6,135,63.8,1.759,37.9,3,193,591,144,3.642,318,53,165.57,58114.80,351,173.14,158.75,53,293.7,24081,82,53,2440.0,802753,329,3242,1580,53,109.94,17150.67,156,114.34,470883318,53,272.2,95533.6,351,312.2,68.4,53,10.22,3586.66,351,5.11,14.03,53,96.79,561,543,53,55.97,159,89,53,30.30,99,30,53,21.52,79,17,53,16.18,68,11
127,Rory Sabbatini,45,0,66,13,0,0,291,629885.0,283.9,60.8,184,65.2,1.778,59.8,7,242,742,177,3.667,170,66,164.23,75710.66,461,180.00,157.76,66,283.9,32930,116,66,2531.9,1038070,410,3934,1560,66,109.75,20852.09,190,114.27,230734103,66,270.1,124537.3,461,328.1,223.8,66,11.04,5090.01,461,4.65,16.46,66,95.40,718,685,66,60.00,205,123,66,34.15,123,42,66,19.57,92,18,66,10.26,78,8
128,Brice Garnett,37,0,58,9,0,0,294,626179.0,290.6,64.4,148,69.9,1.760,48.3,5,211,693,124,3.638,209,58,166.30,26441.58,159,171.33,159.55,58,290.6,33704,116,58,2488.6,358365,144,3393,1745,58,110.40,16891.64,153,115.01,230734206,58,272.9,43398.3,159,297.9,236.3,58,11.58,1841.81,159,7.26,16.46,58,98.15,647,635,58,53.37,178,95,58,29.09,110,32,58,19.59,97,19,58,10.14,69,7
130,Danny Willett,33,13,40,7,1,0,202,621028.0,301.2,55.4,61,62.5,1.769,56.8,1,145,429,127,3.625,720,40,170.28,20093.27,118,175.09,164.16,40,301.2,19277,64,40,2362.3,266936,113,3190,1538,40,112.84,11396.44,101,116.81,483513203,40,286.7,33828.0,118,337.4,253.2,40,12.53,1478.28,118,7.43,15.90,40,97.79,453,443,40,55.64,133,74,40,34.02,97,33,40,13.46,52,7,40,10.26,39,4
131,Bronson Burgoon,34,19,53,9,1,0,255,589539.0,294.6,59.6,124,66.9,1.727,53.3,5,220,580,139,4.151,191,55,167.80,45306.12,270,179.47,158.05,55,294.6,31229,106,55,2428.7,616895,254,3871,1562,55,111.40,15930.35,143,119.22,050729415,55,281.8,76085.1,270,325.2,247.6,55,11.86,3202.99,270,6.88,15.86,55,96.90,612,593,55,64.47,197,127,55,27.27,132,36,55,20.45,88,18,55,11.11,63,7
132,Fabián Gómez,42,19,55,10,2,0,274,564722.0,289.2,65.8,160,66.7,1.759,58.2,11,195,636,130,3.545,90,59,163.39,22221.02,136,167.99,155.18,59,289.2,31816,110,59,2444.4,307989,126,3785,1569,59,108.36,14194.61,131,110.95,040538203,59,268.2,36482.0,136,291.3,223.7,59,10.80,1469.34,136,6.58,15.11,59,95.83,552,529,59,55.76,165,92,59,32.00,100,32,59,20.83,72,15,59,16.39,61,10
133,Peter Malnati,34,0,57,10,0,0,238,561273.0,287.6,54.5,166,62.6,1.727,44.9,6,212,638,140,3.719,171,61,167.40,64953.07,388,173.84,154.35,61,287.6,32791,114,61,2734.1,926852,339,3955,1552,61,112.21,18963.72,169,118.97,050729304,61,276.3,107216.6,388,308.2,238.6,61,10.54,4089.31,388,5.08,15.55,61,97.41,657,640,61,59.38,192,114,61,22.86,140,32,61,30.95,84,26,61,10.45,67,7
135,Nick Watney,40,17,44,6,1,0,253,534797.0,302.3,55.4,44,70.2,1.750,45.3,4,176,488,102,4.000,198,46,177.53,23256.55,131,182.88,170.99,46,302.3,26602,88,46,2736.6,325656,119,3855,1526,46,118.05,14520.10,123,121.58,040538116,46,288.3,37770.1,131,320.6,241.4,46,7.89,1033.90,131,2.18,12.24,46,95.96,495,475,46,57.59,158,91,46,38.32,107,41,46,21.05,76,16,46,13.21,53,7
136,Jhonattan Vegas,36,17,50,9,1,0,235,527009.0,309.0,62.0,15,70.2,1.786,39.2,6,203,542,141,4.060,150,52,181.77,39079.99,215,188.27,167.03,52,309.0,28424,92,52,2623.8,495906,189,3892,1618,52,121.64,14231.48,117,126.92,230734118,52,291.5,62672.9,215,344.1,35.3,52,8.78,1886.98,215,3.97,12.79,52,96.45,535,516,52,56.17,162,91,52,28.71,101,29,52,13.70,73,10,52,10.71,56,6
137,Russell Knox,36,0,63,11,0,0,269,519028.0,296.3,62.2,106,70.1,1.800,55.4,2,229,751,137,3.635,567,67,169.87,31085.77,183,176.39,161.84,67,296.3,37339,126,67,2402.0,355496,148,3628,1548,67,113.55,20326.14,179,117.96,415876217,67,277.6,50807.6,183,309.6,241.9,67,8.84,1616.81,183,2.65,15.17,67,96.15,728,700,67,50.52,192,97,67,34.71,121,42,67,14.66,116,17,67,8.86,79,7
138,Joseph Bramlett,33,18,53,10,1,0,223,495690.0,299.3,57.4,78,70.0,1.798,48.1,6,192,590,149,3.623,159,57,171.94,17366.11,101,176.95,164.72,57,299.3,31727,106,57,2640.8,242958,92,3676,1540,57,114.12,10955.12,96,119.47,010771411,57,282.8,28565.5,101,311.5,234.1,57,10.65,1075.40,101,6.20,13.99,57,96.67,570,551,57,40.27,149,60,57,40.15,132,53,57,19.05,84,16,57,12.24,49,6
139,Stewart Cink,48,14,51,11,1,0,207,490620.0,295.7,56.4,114,68.0,1.763,47.2,2,183,589,123,3.588,459,51,171.67,31244.63,182,177.03,161.73,51,295.7,30163,102,51,2703.5,451487,167,3939,1570,51,115.81,20498.78,177,119.34,405012205,51,279.1,50800.0,182,312.1,247.8,51,8.62,1568.29,182,4.64,11.77,51,96.46,650,627,51,59.36,187,111,51,25.23,111,28,51,23.23,99,23,51,10.53,76,8
140,Kyle Stanley,33,20,53,8,1,0,246,490359.0,285.1,71.3,177,72.5,1.783,48.0,2,203,612,124,3.830,477,57,163.74,27181.12,166,169.46,155.97,57,285.1,30220,106,57,2558.9,388952,152,3976,1644,57,109.15,17573.10,161,114.97,050729413,57,265.6,44095.1,166,309.4,209.2,57,9.97,1655.72,166,4.66,14.58,57,96.98,629,610,57,52.60,173,91,57,26.19,126,33,57,19.32,88,17,57,13.58,81,11
141,Chesson Hadley,34,0,58,12,0,0,239,485193.0,296.0,66.7,108,70.2,1.741,44.8,7,250,609,150,4.310,149,62,169.90,23785.83,140,174.78,146.79,62,296.0,31969,108,62,2422.9,331942,137,3519,1535,62,112.86,15348.62,136,117.04,395021303,62,282.7,39576.3,140,320.3,225.0,62,10.82,1515.34,140,5.52,15.37,62,96.62,651,629,62,56.25,192,108,62,31.16,138,43,62,24.24,99,24,62,8.33,72,6
142,Cameron Percy,47,17,45,8,1,0,208,470679.0,295.0,59.2,117,69.6,1.782,49.1,6,160,529,102,3.556,135,49,165.91,35670.68,215,172.53,159.15,49,295.0,26553,90,49,2165.1,400537,185,3537,1510,49,109.99,11548.88,105,113.68,470883203,49,270.6,58171.9,215,299.4,232.7,49,11.96,2571.81,215,6.78,16.06,49,97.67,472,461,49,48.05,154,74,49,34.18,79,27,49,21.43,56,12,49,10.20,49,5
143,Andrew Putnam,32,16,46,7,1,0,184,459640.0,277.9,57.0,193,63.8,1.769,51.9,3,147,541,121,3.196,276,46,163.38,17481.91,107,171.52,156.08,46,277.9,18894,68,46,2701.7,251256,93,3874,1600,46,113.09,11535.38,102,117.91,040538211,46,261.5,27984.6,107,287.0,226.5,46,8.70,930.42,107,3.16,13.19,46,98.14,431,423,46,64.96,137,89,46,32.58,89,29,46,27.27,55,15,46,13.73,51,7
144,Rob Oppenheim,41,21,61,11,1,0,236,454470.0,284.2,63.0,181,65.2,1.791,52.7,9,210,700,159,3.443,122,65,163.86,27365.29,167,170.54,155.13,65,284.2,34671,122,65,2490.8,381086,153,3436,1532,65,110.42,17887.27,162,115.65,230734218,65,260.4,43492.3,167,295.0,18.8,65,8.91,1488.56,167,.46,13.83,65,95.79,642,615,65,53.50,200,107,65,25.83,120,31,65,12.75,102,13,65,15.38,65,10
145,Josh Teater,42,15,41,6,1,0,217,453508.0,294.0,68.2,127,71.5,1.761,35.3,8,161,449,104,3.927,92,43,168.05,35626.36,212,173.33,157.09,43,294.0,24109,82,43,2634.2,532106,202,3634,1582,43,111.78,11177.96,100,114.77,470883212,43,280.8,59540.2,212,322.7,245.8,43,11.34,2405.11,212,6.57,16.97,43,94.75,400,379,43,48.72,117,57,43,29.49,78,23,43,20.41,49,10,43,14.29,49,7
148,Robert Streb,34,19,50,7,1,0,207,415258.0,293.7,58.1,133,67.3,1.766,35.4,4,175,569,133,3.500,225,54,170.45,32726.04,192,174.93,161.63,54,293.7,29369,100,54,2852.8,524922,184,3679,1544,54,113.02,10058.62,89,116.14,415876212,54,275.4,52883.5,192,317.1,64.6,54,8.57,1645.78,192,3.12,13.12,54,96.54,492,475,54,43.97,116,51,54,25.81,93,24,54,18.18,66,12,54,13.46,52,7
149,Austin Cook,30,0,60,11,0,0,162,386353.0,293.8,66.7,131,68.2,1.779,42.1,4,223,677,158,3.717,270,64,166.35,63046.16,379,172.14,157.59,64,293.8,35255,120,64,2349.3,834004,355,3719,1517,64,110.78,20161.82,182,115.21,050729404,64,278.5,105565.5,379,313.5,222.4,64,12.71,4816.86,379,7.24,17.39,64,97.33,675,657,64,52.85,193,102,64,36.50,137,50,64,24.05,79,19,64,12.20,82,10
151,Ted Potter Jr.,37,19,44,4,2,0,163,361540.0,290.2,60.7,154,68.9,1.789,39.4,3,152,510,109,3.455,264,46,166.97,23041.21,138,172.62,155.08,46,290.2,25537,88,46,2494.8,284403,114,3656,1598,46,112.29,14260.30,127,115.64,180510103,46,275.1,37966.3,138,302.2,233.4,46,9.58,1322.10,138,4.45,15.61,46,96.22,502,483,46,46.63,163,76,46,25.88,85,22,46,23.33,60,14,46,11.54,52,6
152,Aaron Wise,25,18,45,6,2,0,175,355972.0,301.5,59.9,59,72.1,1.793,52.4,4,177,494,121,3.933,203,49,172.24,19462.93,113,176.47,165.94,49,301.5,27137,90,49,2221.9,235519,106,3842,1557,49,115.05,12540.35,109,119.37,230734418,49,289.1,32672.1,113,328.0,243.8,49,12.15,1372.42,113,7.32,15.02,49,95.64,505,483,49,47.10,138,65,49,27.78,90,25,49,20.31,64,13,49,9.86,71,7
153,Branden Grace,33,16,41,6,1,0,136,354443.0,297.3,55.7,99,68.4,1.778,53.1,1,148,478,103,3.610,738,43,170.73,50364.80,295,181.84,163.07,43,297.3,21999,74,43,2708.2,696010,257,3954,1543,43,114.32,13032.98,114,120.52,180510413,43,272.6,80423.4,295,346.8,60.2,43,8.18,2414.31,295,-2.73,15.32,43,95.55,494,472,43,49.63,135,67,43,29.35,92,27,43,26.79,56,15,43,13.73,51,7
154,Patton Kizzire,35,19,55,8,1,0,129,352764.0,294.8,54.0,120,64.8,1.735,45.5,6,208,605,145,3.782,165,55,170.74,25611.74,150,175.95,162.57,55,294.8,32425,110,55,2599.9,376986,145,3517,1659,55,114.04,16079.48,141,117.58,180510313,55,283.5,42525.3,150,308.8,254.8,55,11.25,1688.05,150,6.67,15.39,55,97.15,667,648,55,59.06,171,101,55,33.10,142,47,55,24.72,89,22,55,12.50,72,9
155,Seamus Power,34,11,32,7,1,0,168,351069.0,304.5,58.6,33,69.4,1.733,51.4,5,140,340,78,4.375,115,36,175.90,15830.56,90,180.95,167.18,36,304.5,19488,64,36,2323.4,202133,87,3601,1579,36,117.79,9894.44,84,121.65,050729115,36,278.9,25099.7,90,311.7,223.3,36,8.36,752.28,90,2.52,12.10,36,95.29,297,283,36,57.89,95,55,36,24.49,49,12,36,19.35,31,6,36,17.86,28,5
156,D.J. Trahan,40,17,47,7,1,0,165,345471.0,297.6,64.7,92,68.2,1.795,45.5,2,179,527,120,3.809,423,49,168.81,17387.67,103,173.46,163.38,49,297.6,27972,94,49,2095.8,190714,91,3382,1529,49,112.48,11023.16,98,117.14,050729313,49,275.8,28402.8,103,309.6,242.3,49,11.04,1136.68,103,6.83,16.43,49,96.22,502,483,49,50.44,113,57,49,27.17,92,25,49,13.16,76,10,49,12.00,50,6
158,C.T. Pan,29,0,56,9,0,0,112,329997.0,287.0,60.3,169,67.3,1.798,46.2,4,180,647,156,3.214,252,56,165.06,66188.64,401,170.58,146.84,56,287.0,27550,96,56,2439.2,873239,358,3797,1518,56,109.53,15881.78,145,114.27,485895212,56,269.6,108092.7,401,312.3,35.3,56,10.55,4229.16,401,2.94,15.09,56,96.11,642,617,56,53.67,177,95,56,22.88,118,27,56,18.81,101,19,56,5.36,56,3
159,James Hahn,39,0,36,5,0,0,129,327110.0,293.7,61.4,134,69.4,1.780,40.3,3,132,412,94,3.667,216,36,166.58,28484.99,171,173.21,157.54,36,293.7,21145,72,36,2483.8,387465,156,3793,1507,36,111.69,11950.92,107,115.10,040538209,36,281.9,48203.6,171,322.5,215.9,36,13.91,2378.09,171,9.85,16.89,36,97.42,387,377,36,53.21,109,58,36,26.51,83,22,36,17.74,62,11,36,10.71,28,3
161,Tim Wilkinson,42,0,46,9,0,0,183,307772.0,284.7,68.3,179,67.4,1.762,48.6,3,166,547,101,3.609,276,50,159.88,38531.47,241,166.00,151.69,50,284.7,26188,92,50,2306.7,500555,217,3598,1598,50,106.85,10471.54,98,110.44,160704416,50,264.5,63755.8,241,302.0,31.6,50,11.96,2882.84,241,3.37,16.77,50,96.98,464,450,50,51.22,123,63,50,30.69,101,31,50,21.31,61,13,50,7.50,40,3
162,Jason Dufner,44,0,62,12,0,0,138,306781.0,286.2,66.4,174,67.8,1.818,52.6,5,202,735,156,3.258,223,62,164.80,76798.94,466,171.85,153.50,62,286.2,35493,124,62,2547.0,1118119,439,3941,1524,62,109.54,21251.45,194,115.70,490752215,62,265.9,123895.0,466,316.8,221.3,62,10.09,4701.76,466,2.80,15.95,62,95.47,839,801,62,53.33,225,120,62,26.06,165,43,62,10.08,129,13,62,10.13,79,8
163,Peter Uihlein,31,0,43,9,0,0,136,301846.0,301.8,47.4,52,68.0,1.759,57.7,3,172,481,105,4.000,258,47,181.03,30051.12,166,191.92,168.13,47,301.8,25951,86,47,2994.6,443201,148,3974,1718,47,121.07,10169.89,84,126.95,415876112,47,289.0,47970.6,166,317.4,22.6,47,5.96,988.86,166,-1.31,11.58,47,96.15,468,450,47,55.81,129,72,47,37.97,79,30,47,21.62,74,16,47,16.33,49,8
165,David Hearn,42,19,51,8,1,0,152,287527.0,281.8,68.4,188,66.9,1.769,45.6,1,179,605,122,3.510,918,55,157.98,21485.78,136,164.10,150.93,55,281.8,28745,102,55,2322.2,297237,128,3349,1553,55,105.26,13157.54,125,108.54,230734218,55,262.3,35666.7,136,286.8,227.9,55,12.51,1700.83,136,7.69,16.03,55,97.33,525,511,55,53.85,130,70,55,31.11,90,28,55,24.69,81,20,55,11.67,60,7
166,Aaron Baddeley,40,0,47,7,0,0,153,286504.0,284.9,59.5,178,64.9,1.738,56.3,3,186,526,116,3.957,282,49,166.74,27344.92,164,172.50,160.44,49,284.9,26784,94,49,2929.4,454056,155,3800,1586,49,111.37,17819.66,160,114.96,470883418,49,268.8,44085.4,164,298.1,239.4,49,7.90,1295.25,164,3.39,13.31,49,96.24,532,512,49,59.87,152,91,49,32.61,92,30,49,19.05,84,16,49,7.50,40,3
169,Mark Anderson,35,0,47,9,0,0,154,278630.0,293.1,59.5,137,66.8,1.809,54.9,6,143,577,111,3.043,141,51,165.78,17904.27,108,171.16,157.56,51,293.1,27549,94,51,2566.4,254069,99,3322,1757,51,110.11,11341.75,103,114.76,030552213,51,274.6,29387.1,107,300.3,233.3,51,11.55,1247.39,108,8.07,14.84,51,97.53,527,514,51,53.94,165,89,51,32.99,97,32,51,19.12,68,13,51,10.17,59,6
171,Dominic Bozzelli,30,13,36,5,1,0,112,272865.0,299.0,51.7,81,63.0,1.708,43.5,2,151,368,107,4.194,324,38,168.60,24784.63,147,173.40,155.23,38,299.0,21531,72,38,2653.7,352945,133,3988,1510,38,113.49,7376.79,65,136.84,415876214,38,276.1,40583.6,147,306.7,236.7,38,11.08,1629.22,147,7.27,15.31,38,95.93,344,330,38,57.61,92,53,38,38.71,62,24,38,28.95,38,11,38,14.58,48,7
172,Ben Martin,33,0,36,6,0,0,142,270879.0,283.6,64.4,185,67.1,1.768,48.2,1,132,427,78,3.667,648,38,167.62,19778.75,118,171.95,160.14,38,283.6,20422,72,38,2918.6,332723,114,3953,2150,38,112.43,7982.37,71,116.25,490752205,38,271.4,32024.2,118,306.9,226.2,38,8.28,977.63,118,4.45,11.57,38,97.16,317,308,38,58.16,98,57,38,22.81,57,13,38,13.04,46,6,38,9.09,33,3
174,Wes Roach,32,14,40,7,2,0,123,267966.0,290.5,62.6,150,67.9,1.771,39.0,8,149,442,106,3.725,90,42,165.49,22341.65,135,173.10,150.08,42,290.5,23236,80,42,2544.0,312916,123,3482,1509,42,111.05,7662.26,69,118.72,050729104,42,272.4,36778.4,135,310.6,234.6,42,12.10,1633.37,135,7.24,16.70,42,96.65,328,317,42,46.07,89,41,42,22.41,58,13,42,13.64,44,6,42,10.53,38,4
175,Kevin Tway,32,0,48,7,0,0,110,256320.0,303.8,49.9,36,62.6,1.787,39.2,2,158,536,157,3.292,432,52,181.06,38203.76,211,187.78,170.26,52,303.8,21873,72,52,2703.6,486649,180,3744,1950,52,121.20,14059.03,116,127.11,240009116,52,289.2,61021.1,211,334.4,48.2,52,8.16,1721.25,211,-.73,12.56,52,96.40,528,509,52,53.85,143,77,52,25.64,78,20,52,15.79,57,9,52,7.41,54,4
176,Kramer Hickok,29,0,49,7,0,0,131,253646.0,292.8,67.2,139,66.2,1.825,49.2,3,156,586,125,3.184,294,51,167.15,35268.11,211,174.41,158.02,51,292.8,28692,98,51,2463.3,460645,187,3773,1507,51,112.04,14005.03,125,115.81,415876112,51,272.8,57556.1,211,307.3,235.0,51,11.19,2360.56,211,6.54,14.88,51,95.58,543,519,51,53.57,140,75,51,21.88,96,21,51,20.31,64,13,51,10.26,39,4
177,Roger Sloan,34,0,51,7,0,0,131,253597.0,291.5,58.3,145,65.6,1.779,54.4,7,174,588,133,3.412,131,55,170.37,52815.98,310,176.99,163.60,55,291.5,29738,102,55,2920.1,864351,296,3983,1727,55,113.29,13255.25,117,134.77,040538113,55,283.2,87791.5,310,322.6,250.1,55,10.62,3292.31,310,6.04,15.56,55,97.39,536,522,55,56.02,166,93,55,21.30,108,23,55,23.44,64,15,55,13.11,61,8
178,Chris Stroud,39,0,46,6,0,0,120,249013.0,287.0,59.4,167,64.6,1.738,53.3,2,176,510,127,3.826,414,48,164.67,50883.15,309,171.40,155.67,48,287.0,26407,92,48,2669.7,750195,281,3756,1577,48,109.61,15674.71,143,122.18,415876312,48,271.5,83899.6,309,305.7,229.9,48,10.89,3364.35,309,5.32,15.09,48,97.12,520,505,48,52.08,144,75,48,30.93,97,30,48,26.56,64,17,48,7.02,57,4
179,Grayson Murray,27,14,36,5,1,0,100,244150.0,313.8,54.2,5,63.9,1.758,43.5,5,143,375,104,3.972,130,36,180.02,37084.39,206,185.52,147.99,36,313.8,22591,72,36,2374.6,396552,167,3930,1547,36,121.50,12635.97,104,126.85,230734118,36,297.6,61306.9,206,1147.4,49.4,36,8.00,1648.68,206,2.98,13.18,36,94.88,469,445,36,44.62,130,58,36,28.17,71,20,36,21.43,56,12,36,7.69,52,4
180,Jimmy Walker,43,0,46,6,0,0,112,243370.0,298.0,46.8,89,62.2,1.765,37.1,4,159,491,148,3.457,207,46,173.08,48288.08,279,180.19,154.40,46,298.0,27418,92,46,2244.0,491437,219,3751,1511,46,114.87,13669.88,119,118.64,240009112,46,286.5,79929.3,279,328.0,231.9,46,12.38,3454.16,279,3.55,16.42,46,95.86,604,579,46,53.85,169,91,46,23.53,119,28,46,17.78,90,16,46,12.24,49,6
183,Martin Laird,38,12,39,7,1,0,106,232786.0,302.1,63.7,46,70.5,1.806,32.2,8,140,446,98,3.590,88,39,171.35,17477.59,102,177.19,164.98,39,302.1,23562,78,39,2474.3,220211,89,3675,1631,39,114.32,11089.31,97,120.67,170004304,39,282.6,28829.6,102,309.8,256.3,39,9.95,1014.46,102,5.82,12.66,39,95.37,432,412,39,47.24,127,60,39,27.69,65,18,39,19.64,56,11,39,10.42,48,5
184,J.J. Spaun,30,0,58,10,0,0,102,232472.0,297.4,57.8,95,66.0,1.758,45.8,4,221,619,175,3.810,261,62,167.83,27187.99,162,173.51,163.12,62,297.4,34498,116,62,2394.6,359188,150,3332,1570,62,111.81,17665.26,158,116.95,110776209,62,283.4,45918.4,162,304.7,256.1,62,12.56,2034.93,162,8.05,16.98,62,95.70,697,667,62,49.01,202,99,62,33.82,136,46,62,27.66,94,26,62,9.88,81,8
185,Jim Furyk,51,0,39,6,0,0,108,224450.0,280.2,74.5,192,74.2,1.793,45.5,3,135,461,93,3.462,234,39,157.99,43762.61,277,163.77,150.98,39,280.2,21854,78,39,2430.2,609978,251,3356,1521,39,105.24,13366.11,127,109.58,110776315,39,253.8,70311.0,277,285.9,34.6,39,10.11,2800.57,277,5.13,14.82,39,97.15,527,512,39,47.97,123,59,39,28.00,100,28,39,22.50,80,18,39,12.16,74,9
189,Matt Every,37,0,45,6,0,0,94,202546.0,292.3,58.0,140,65.1,1.769,39.5,3,178,456,143,3.956,270,47,167.72,23145.72,138,174.29,158.42,47,292.3,26309,90,47,2503.8,325500,130,3710,1749,47,111.79,14756.39,132,118.07,050729213,47,281.9,38897.9,138,737.4,239.5,47,11.01,1519.74,138,7.06,14.29,47,94.64,597,565,47,55.98,184,103,47,20.16,124,25,47,17.86,84,15,47,16.90,71,12
197,Kevin Chappell,35,0,41,7,0,0,75,176506.0,300.6,56.5,67,65.2,1.748,47.6,5,158,447,110,3.854,148,41,173.11,23369.42,135,181.19,166.14,41,300.6,24649,82,41,2441.8,293010,120,3851,1692,41,116.37,15244.46,131,121.13,030552409,41,285.0,38471.4,135,317.0,244.8,41,12.33,1664.10,135,7.01,15.97,41,95.51,445,425,41,59.68,124,74,41,33.01,103,34,41,27.40,73,20,41,11.11,54,6
